,id,name,artist
9282,67ekHxUuXSnq1UvoZ1DrcQ,Dum Remix (feat. Lil Durk),JayDaYoungan
11081,7xViZs9g3vi1ITx1RjRr0a,Intro-lude 8701,Usher
917,4Ug1vwXoxWVZkarqB4XPfh,10 Bands (feat. Timbaland),Joyner Lucas
6327,63L9AjBDN3SOMbJlBkFqiZ,Careful,Paramore
30348,2WOmIhqliJf6AdkjyMs601,"Old Boots, New Dirt",Jason Aldean
35669,2FTeQQ5Rg9tBpgpTF5mnhE,Still Think About You,A Boogie Wit da Hoodie
30533,3Zb5xLEfPAyqvjHzCVOSXX,Solid,Lil Baby
1909,4V33aS5qju2ujbQt8JKi6P,Let Me Know,Surfaces
26968,3EBCjOuX6otYnuGhEve0aX,BLOOD MONEY,Lil Darkie
27136,1EMFnyhETKfI52uhI4baGY,A Sky Full of Stars - Live in Buenos Aires,Coldplay
29282,3oYa4mFI0cjAeEQqonzpVf,InDaStreet,Young Nudy
12954,16aMGPjpPDIeFkszebR0lf,Copas de Vino,Maluma
4889,6GiG2HRWj1Uvf0XFfILh96,Animal - Billboard Remix,Kesha
35245,0EfsDEYaSjGYd66Pr881nq,Cry Baby,The Neighbourhood
9276,2OAcH9SD8ehxuG0tWNe0cU,Addiction,Doja Cat
29280,4uAgWZfhL1Znf7YgRuUk0G,Are We There Yet?,Cocomelon
1213,70r0u0KuBKSkn3ahnNVbcw,Prenda del Alma,Vicente Fernández
30683,5tOe9RlhnwZ4JuymPJDC1h,Home Again,Elton John
36119,3hg8SvlMLkm2lT3HXvU6Lf,Astronaut Kid,YoungBoy Never Broke Again
31831,7MTIDmToGs0I5Oue9V0CHl,Feel,Post Malone
29339,1w8XCWRzLN75HARAqNQIRY,Last Strike,Polo G
7427,0tSwKGbmvKrL0C7ckwIA9B,On Mine (feat. Noah Cyrus),Diplo
23145,15JRvf02KKGHKgC31jrpuh,Meh,Playboi Carti
18059,0dZJ5g0V7G8SReiQQOdZEf,Go - Live,Pearl Jam
21498,3mNfKVgSiejiZYmFRVjNbQ,Montana,Justin Timberlake
3984,25qk9xa71F1POdI4vj7rbi,Black Hearted,Polo G
30788,2wmr2A1ixEx9qViaOMkkkW,Oh Daddy - 2004 Remaster,Fleetwood Mac
17725,5hZHeV87qW34aiJrPbKaV5,T-Baby,Lizzo
4505,0jXyimIRLsugU2STRpWsTN,Can't Take It From Me,Major Lazer
7898,58T4yPLn4NjBYXfRxeweyM,Woo Baby (feat. Chris Brown),Pop Smoke
19128,2fkbKErieGDPE2j0rbh3VC,Fell From The Moon,3 Doors Down
766,1jNapyyVxPB4X6gewQjEM8,What's Wrong,Rod Wave
17130,608R6FvRtAqf2dvgKMzebP,I Want to Write You a Song,One Direction
4928,0fbR95FEaJUxiQYaqZZukv,Whitehouse Road,Tyler Childers
28034,4kT024NNkH9CHK5sV6v2be,Yahweh,Elevation Worship
20934,6rlPa5vO2PV7bpVDz1SAG5,Double Bass,Gorillaz
7494,5JyBstTFQ84QqQoDijFy4Y,Second Chance (Don't Back Down) (feat. Roberto Cacciapaglia),T-Pain
22327,0MUzalPwRItswsuNThydQg,Flow,Cage The Elephant
7096,0ocKJUiqVAaR8U5IJZomNO,La Muerte Del Comandante (En Vivo),Marca MP
17878,7xm8RWCCBYvEVx1VyErDa3,Half-Truism,The Offspring
18541,61e7X4voHhheqvpkMFeYGn,No Discussion,Comethazine
24593,1vzLCOukxhUA26QnqACxVL,Just A Notion,ABBA
34966,78mbcQO7K8jlMfJS4zpaiJ,hustler,blackbear
33747,2pg2TiYo9Rb8KeB5JjP7jS,Sativa,Jhené Aiko
17876,0WQw5kMbdAi759z7Dgqu1V,Virgil Discount,T.R.U.
35983,6XmLlAoo6JgsIP7xhMoGTz,Love Me Wrong,Allie X
20908,47Pff8AxYPXqOUQuaX3CHd,Used to Know Me,Tom MacDonald
19450,3Ni9jLlq3xPoOKv1HYlQrH,you broke me first - Gryffin Remix,Tate McRae
12251,5vTcmSXFfBUcFUV0FUg9RD,Joy Ride,The Killers
28726,3BBvDLFPJRIHMPc7coyuYC,Feel Like Home,Papa Roach
